<?xml version="1.0" encoding="utf-8"?>
<extension version="3.10" client="site" type="language" method="upgrade">
	<name>Georgian (ka-GE)</name>
	<tag>ka-GE</tag>
	<version>3.10.3.1</version>
	<creationDate>2021-10-26</creationDate>
	<author>Georgian Translation Team</author>
	<authorEmail>z.cherkezishvili@gmail.com</authorEmail>
	<authorUrl>https://github.com/Zurabch</authorUrl>
	<copyright>(C) 2013 Open Source Matters, Inc.</copyright>
	<license>GNU General Public License version 2 or later; see LICENSE.txt</license>
	<description>ka-GE site language</description>
	<files>
		<folder>/</folder>
		<filename file="meta">install.xml</filename>
	</files>
	<params />
</extension>
