<?xml version="1.0" encoding="utf-8"?>
<metafile version="3.10" client="site">
	<name>Georgian (ka-GE)</name>
	<version>3.10.3.1</version>
	<creationDate>2021-10-26</creationDate>
	<author>Georgian Translation Team</author>
	<authorEmail>z.cherkezishvili@gmail.com</authorEmail>
	<authorUrl>https://github.com/Zurabch</authorUrl>
	<copyright>(C) 2006 Open Source Matters, Inc.</copyright>
	<license>GNU General Public License version 2 or later; see LICENSE.txt</license>
	<description>ka-GE site language</description>
	<metadata>
		<name>Georgian (Georgia)</name>
		<nativeName>ქართული (საქართველო)</nativeName>
		<tag>ka-GE</tag>
		<rtl>0</rtl>
		<locale>ka-GE.utf8, ka_GE.utf8, ka_GE.UTF-8, ka_GE, ka-GE, ka, georgian, georgian-ge, ge, georgia</locale>
		<firstDay>1</firstDay>
		<weekEnd>0,6</weekEnd>
		<calendar>gregorian</calendar>
	</metadata>
	<params />
</metafile>
