<?xml version="1.0" encoding="UTF-8" ?>
<extension version="3.10" type="package" method="upgrade">
	<name>Georgian (ka-GE) Language Pack</name>
	<packagename>ka-GE</packagename>
	<version>3.10.3.1</version>
	<creationDate>2021-10-26</creationDate>
	<author>Georgian Translation Team</author>
	<authorEmail>z.cherkezishvili@gmail.com</authorEmail>
	<authorUrl>https://github.com/Zurabch</authorUrl>
	<copyright>(C) 2019 Open Source Matters, Inc.</copyright>
	<license>https://www.gnu.org/licenses/gpl-2.0.html GNU/GPL</license>
	<url>https://github.com/joomla/joomla-cms</url>
	<packager>Georgian Translation Team</packager>
	<packagerurl>https://github.com/Zurabch/Joomla3.10-Georgian-Translation</packagerurl>
	<description><![CDATA[ka-GE language pack]]></description>
	<blockChildUninstall>true</blockChildUninstall>
	<files>
		<file type="language" client="administrator" id="ka-GE">admin_ka-GE.zip</file>
		<file type="language" client="site" id="ka-GE">site_ka-GE.zip</file>
	</files>
	<updateservers>
		<server type="collection" priority="1" name="Accredited Joomla! Translations">
			http://update.joomla.org/language/translationlist_3.xml
		</server>
	</updateservers>
</extension>
